{"train/update_s":0.5251361652766354,"train/grad_norm":3.657531976699829,"_step":30000,"train/l1_loss":0.075258269906044,"train/epochs":13.944367782700269,"_runtime":16819.494653154,"train/dataloading_s":0.01797043689759448,"train/samples":1920000,"train/loss":0.07969559140503407,"_timestamp":1.7657045843967645e+09,"train/lr":1.0000000000000021e-05,"train/episodes":1924.3227540126372,"train/kld_loss":6.969040259718895e-05,"_wandb":{"runtime":16819},"train/steps":30000}